handle,threshold,ari,f1,am,hm,hm2,time
ru_dev_model_DeepPavlov_rubert-base-cased-sentence_clusterings_5_cluster-means_cosine,0.1,0.125,0.369,0.247,0.187,0.144,71.546
ru_dev_model_DeepPavlov_rubert-base-cased-sentence_clusterings_5_cluster-means_cosine,0.2,0.125,0.369,0.247,0.187,0.144,70.625
ru_dev_model_DeepPavlov_rubert-base-cased-sentence_clusterings_5_cluster-means_cosine,0.3,0.125,0.37,0.2475,0.187,0.144,65.661
ru_dev_model_DeepPavlov_rubert-base-cased-sentence_clusterings_5_cluster-means_cosine,0.4,0.125,0.37,0.2475,0.187,0.144,68.371
ru_dev_model_DeepPavlov_rubert-base-cased-sentence_clusterings_5_cluster-means_cosine,0.5,0.125,0.358,0.2415,0.185,0.144,68.638
ru_dev_model_DeepPavlov_rubert-base-cased-sentence_clusterings_5_cluster-means_cosine_ensemble-models_sentence-transformers_LaBSE,0.1,0.172,0.393,0.2825,0.239,0.194,134.477
ru_dev_model_DeepPavlov_rubert-base-cased-sentence_clusterings_5_cluster-means_cosine_ensemble-models_sentence-transformers_LaBSE,0.2,0.172,0.393,0.2825,0.239,0.194,137.802
ru_dev_model_DeepPavlov_rubert-base-cased-sentence_clusterings_5_cluster-means_cosine_ensemble-models_sentence-transformers_LaBSE,0.3,0.172,0.398,0.285,0.24,0.194,132.596
ru_dev_model_DeepPavlov_rubert-base-cased-sentence_clusterings_5_cluster-means_cosine_ensemble-models_sentence-transformers_LaBSE,0.4,0.172,0.399,0.2855,0.24,0.194,133.917
ru_dev_model_DeepPavlov_rubert-base-cased-sentence_clusterings_5_cluster-means_cosine_ensemble-models_sentence-transformers_LaBSE,0.5,0.172,0.399,0.2855,0.24,0.194,134.142
ru_dev_model_sentence-transformers_LaBSE_clusterings_5_cluster-means_cosine,0.0,0.17,0.406,0.288,0.24,0.192,81.755
ru_dev_model_sentence-transformers_LaBSE_clusterings_5_cluster-means_cosine,0.1,0.17,0.405,0.2875,0.239,0.192,78.179
ru_dev_model_sentence-transformers_LaBSE_clusterings_5_cluster-means_cosine,0.2,0.17,0.415,0.2925,0.241,0.193,77.447
ru_dev_model_sentence-transformers_LaBSE_clusterings_5_cluster-means_cosine,0.3,0.17,0.43,0.3,0.244,0.193,80.849
ru_dev_model_sentence-transformers_LaBSE_clusterings_5_cluster-means_cosine,0.4,0.17,0.392,0.281,0.237,0.192,76.109
ru_dev_model_sentence-transformers_LaBSE_clusterings_5_cluster-means_cosine,0.5,0.17,0.281,0.2255,0.212,0.185,79.656
ru_dev_model_sentence-transformers_LaBSE_clusterings_5_cluster-means_cosine,0.6,0.17,0.182,0.176,0.176,0.172,78.369
ru_dev_model_sentence-transformers_LaBSE_clusterings_5_cluster-means_cosine,0.7,0.17,0.154,0.162,0.162,0.167,76.989
ru_dev_model_sentence-transformers_LaBSE_clusterings_5_cluster-means_cosine,0.8,0.17,0.154,0.162,0.162,0.167,77.323
ru_dev_model_sentence-transformers_LaBSE_clusterings_5_cluster-means_cosine,0.9,0.17,0.154,0.162,0.162,0.167,77.735
ru_dev_model_sentence-transformers_LaBSE_clusterings_5_cluster-means_cosine,1.0,0.17,0.154,0.162,0.162,0.167,83.086
ru_dev_model_setu4993_LEALLA-large,0.0,0.098,0.363,0.2304999999999999,0.154,0.115,119.436
ru_dev_model_setu4993_LEALLA-large,0.1,0.098,0.343,0.2205,0.152,0.114,119.264
ru_dev_model_setu4993_LEALLA-large,0.2,0.098,0.325,0.2115,0.151,0.114,119.248
ru_dev_model_setu4993_LEALLA-large,0.3,0.098,0.274,0.186,0.144,0.112,118.608
ru_dev_model_setu4993_LEALLA-large,0.4,0.098,0.194,0.146,0.13,0.109,118.719
ru_dev_model_setu4993_LEALLA-large,0.5,0.098,0.162,0.13,0.122,0.106,118.789
ru_dev_model_setu4993_LEALLA-large,0.6,0.098,0.154,0.126,0.12,0.106,118.811
ru_dev_model_setu4993_LEALLA-large,0.7,0.098,0.154,0.126,0.12,0.106,118.758
ru_dev_model_setu4993_LEALLA-large,0.8,0.098,0.154,0.126,0.12,0.106,118.982
ru_dev_model_setu4993_LEALLA-large,0.9,0.098,0.154,0.126,0.12,0.106,118.802
ru_dev_model_setu4993_LEALLA-large,1.0,0.098,0.154,0.126,0.12,0.106,118.336
ru_dev_model_setu4993_LEALLA-large_clusterings_5,0.0,0.115,0.374,0.2445,0.176,0.133,120.903
ru_dev_model_setu4993_LEALLA-large_clusterings_5,0.1,0.115,0.348,0.2314999999999999,0.173,0.133,120.345
ru_dev_model_setu4993_LEALLA-large_clusterings_5,0.2,0.115,0.327,0.221,0.17,0.132,120.866
ru_dev_model_setu4993_LEALLA-large_clusterings_5,0.3,0.115,0.269,0.192,0.161,0.13,120.689
ru_dev_model_setu4993_LEALLA-large_clusterings_5,0.4,0.115,0.189,0.152,0.143,0.125,120.569
ru_dev_model_setu4993_LEALLA-large_clusterings_5,0.5,0.115,0.162,0.1385,0.135,0.122,120.696
ru_dev_model_setu4993_LEALLA-large_clusterings_5,0.6,0.115,0.154,0.1345,0.132,0.121,120.814
ru_dev_model_setu4993_LEALLA-large_clusterings_5,0.7,0.115,0.154,0.1345,0.132,0.121,120.654
ru_dev_model_setu4993_LEALLA-large_clusterings_5,0.8,0.115,0.154,0.1345,0.132,0.121,123.522
ru_dev_model_setu4993_LEALLA-large_clusterings_5,0.9,0.115,0.154,0.1345,0.132,0.121,147.708
ru_dev_model_setu4993_LEALLA-large_clusterings_5,1.0,0.115,0.154,0.1345,0.132,0.121,147.603
ru_dev_model_setu4993_LEALLA-large_clusterings_5_cluster-means,0.0,0.115,0.374,0.2445,0.176,0.133,148.489
ru_dev_model_setu4993_LEALLA-large_clusterings_5_cluster-means,0.1,0.115,0.38,0.2475,0.177,0.134,147.93
ru_dev_model_setu4993_LEALLA-large_clusterings_5_cluster-means,0.2,0.115,0.385,0.25,0.177,0.134,147.749
ru_dev_model_setu4993_LEALLA-large_clusterings_5_cluster-means,0.3,0.115,0.392,0.2535,0.178,0.134,147.383
ru_dev_model_setu4993_LEALLA-large_clusterings_5_cluster-means,0.4,0.115,0.319,0.217,0.169,0.132,148.131
ru_dev_model_setu4993_LEALLA-large_clusterings_5_cluster-means,0.5,0.115,0.206,0.1605,0.148,0.126,146.562
ru_dev_model_setu4993_LEALLA-large_clusterings_5_cluster-means,0.6,0.115,0.164,0.1395,0.135,0.122,147.113
ru_dev_model_setu4993_LEALLA-large_clusterings_5_cluster-means,0.7,0.115,0.159,0.137,0.133,0.122,146.958
ru_dev_model_setu4993_LEALLA-large_clusterings_5_cluster-means,0.8,0.115,0.154,0.1345,0.132,0.121,146.587
ru_dev_model_setu4993_LEALLA-large_clusterings_5_cluster-means,0.9,0.115,0.154,0.1345,0.132,0.121,146.835
ru_dev_model_setu4993_LEALLA-large_clusterings_5_cluster-means,1.0,0.115,0.154,0.1345,0.132,0.121,146.725
ru_dev_model_setu4993_LEALLA-large_clusterings_5_cluster-means_cosine,0.0,0.14,0.383,0.2615,0.205,0.16,148.468
ru_dev_model_setu4993_LEALLA-large_clusterings_5_cluster-means_cosine,0.1,0.14,0.376,0.258,0.204,0.16,147.237
ru_dev_model_setu4993_LEALLA-large_clusterings_5_cluster-means_cosine,0.2,0.14,0.389,0.2645,0.206,0.161,148.987
ru_dev_model_setu4993_LEALLA-large_clusterings_5_cluster-means_cosine,0.3,0.14,0.357,0.2485,0.201,0.159,147.798
ru_dev_model_setu4993_LEALLA-large_clusterings_5_cluster-means_cosine,0.4,0.14,0.286,0.213,0.188,0.156,148.18
ru_dev_model_setu4993_LEALLA-large_clusterings_5_cluster-means_cosine,0.5,0.14,0.209,0.1745,0.168,0.15,147.075
ru_dev_model_setu4993_LEALLA-large_clusterings_5_cluster-means_cosine,0.6,0.14,0.165,0.1525,0.151,0.144,147.091
ru_dev_model_setu4993_LEALLA-large_clusterings_5_cluster-means_cosine,0.7,0.14,0.154,0.147,0.147,0.143,146.33
ru_dev_model_setu4993_LEALLA-large_clusterings_5_cluster-means_cosine,0.8,0.14,0.154,0.147,0.147,0.143,147.73
ru_dev_model_setu4993_LEALLA-large_clusterings_5_cluster-means_cosine,0.9,0.14,0.154,0.147,0.147,0.143,147.7
ru_dev_model_setu4993_LEALLA-large_clusterings_5_cluster-means_cosine,1.0,0.14,0.154,0.147,0.147,0.143,147.692
ru_dev_model_setu4993_LEALLA-large_clusterings_5_cluster-means_cosine_no-pooling,0.0,0.13,0.368,0.249,0.192,0.149,148.865
ru_dev_model_setu4993_LEALLA-large_clusterings_5_cluster-means_cosine_no-pooling,0.1,0.13,0.37,0.25,0.192,0.149,147.403
ru_dev_model_setu4993_LEALLA-large_clusterings_5_cluster-means_cosine_no-pooling,0.2,0.13,0.354,0.242,0.19,0.149,148.437
ru_dev_model_setu4993_LEALLA-large_clusterings_5_cluster-means_cosine_no-pooling,0.3,0.13,0.371,0.2505,0.193,0.149,147.446
ru_dev_model_setu4993_LEALLA-large_clusterings_5_cluster-means_cosine_no-pooling,0.4,0.13,0.291,0.2105,0.18,0.146,148.064
ru_dev_model_setu4993_LEALLA-large_clusterings_5_cluster-means_cosine_no-pooling,0.5,0.13,0.207,0.1684999999999999,0.16,0.14,145.083
ru_dev_model_setu4993_LEALLA-large_clusterings_5_cluster-means_cosine_no-pooling,0.6,0.13,0.155,0.1425,0.141,0.134,145.222
ru_dev_model_setu4993_LEALLA-large_clusterings_5_cluster-means_cosine_no-pooling,0.7,0.13,0.156,0.143,0.142,0.134,146.917
ru_dev_model_setu4993_LEALLA-large_clusterings_5_cluster-means_cosine_no-pooling,0.8,0.13,0.154,0.142,0.141,0.134,147.949
ru_dev_model_setu4993_LEALLA-large_clusterings_5_cluster-means_cosine_no-pooling,0.9,0.13,0.154,0.142,0.141,0.134,148.562
ru_dev_model_setu4993_LEALLA-large_clusterings_5_cluster-means_cosine_no-pooling,1.0,0.13,0.154,0.142,0.141,0.134,147.937
ru_dev_model_setu4993_LEALLA-large_clusterings_5_cluster-means_cosine_no-pooling_non-greedy,0.0,0.14,0.154,0.147,0.147,0.143,31.357
ru_dev_model_setu4993_LEALLA-large_clusterings_5_cluster-means_cosine_no-pooling_non-greedy,0.1,0.14,0.154,0.147,0.147,0.143,30.463
ru_dev_model_setu4993_LEALLA-large_clusterings_5_cluster-means_cosine_no-pooling_non-greedy,0.2,0.14,0.154,0.147,0.147,0.143,31.564
ru_dev_model_setu4993_LEALLA-large_clusterings_5_cluster-means_cosine_no-pooling_non-greedy,0.3,0.14,0.154,0.147,0.147,0.143,30.495
ru_dev_model_setu4993_LEALLA-large_clusterings_5_cluster-means_cosine_no-pooling_non-greedy,0.4,0.14,0.154,0.147,0.147,0.143,31.154
ru_dev_model_setu4993_LEALLA-large_clusterings_5_cluster-means_cosine_no-pooling_non-greedy,0.5,0.14,0.154,0.147,0.147,0.143,30.508
ru_dev_model_setu4993_LEALLA-large_clusterings_5_cluster-means_cosine_no-pooling_non-greedy,0.6,0.14,0.154,0.147,0.147,0.143,31.328
ru_dev_model_setu4993_LEALLA-large_clusterings_5_cluster-means_cosine_no-pooling_non-greedy,0.7,0.14,0.154,0.147,0.147,0.143,30.629
ru_dev_model_setu4993_LEALLA-large_clusterings_5_cluster-means_cosine_no-pooling_non-greedy,0.8,0.14,0.154,0.147,0.147,0.143,31.045
ru_dev_model_setu4993_LEALLA-large_clusterings_5_cluster-means_cosine_no-pooling_non-greedy,0.9,0.14,0.154,0.147,0.147,0.143,30.663
ru_dev_model_setu4993_LEALLA-large_clusterings_5_cluster-means_cosine_no-pooling_non-greedy,1.0,0.14,0.154,0.147,0.147,0.143,31.316
ru_dev_model_setu4993_LEALLA-large_clusterings_5_cluster-means_cosine_non-greedy,0.0,0.055,0.558,0.3065,0.1,0.067,147.664
ru_dev_model_setu4993_LEALLA-large_clusterings_5_cluster-means_cosine_non-greedy,0.1,0.071,0.531,0.301,0.125,0.086,147.346
ru_dev_model_setu4993_LEALLA-large_clusterings_5_cluster-means_cosine_non-greedy,0.2,0.106,0.485,0.2955,0.174,0.126,147.528
ru_dev_model_setu4993_LEALLA-large_clusterings_5_cluster-means_cosine_non-greedy,0.3,0.135,0.395,0.265,0.201,0.155,146.629
ru_dev_model_setu4993_LEALLA-large_clusterings_5_cluster-means_cosine_non-greedy,0.4,0.142,0.291,0.2164999999999999,0.191,0.158,148.138
ru_dev_model_setu4993_LEALLA-large_clusterings_5_cluster-means_cosine_non-greedy,0.5,0.141,0.213,0.177,0.17,0.151,147.137
ru_dev_model_setu4993_LEALLA-large_clusterings_5_cluster-means_cosine_non-greedy,0.6,0.14,0.165,0.1525,0.151,0.144,147.282
ru_dev_model_setu4993_LEALLA-large_clusterings_5_cluster-means_cosine_non-greedy,0.7,0.14,0.154,0.147,0.147,0.143,147.951
ru_dev_model_setu4993_LEALLA-large_clusterings_5_cluster-means_cosine_non-greedy,0.8,0.14,0.154,0.147,0.147,0.143,146.393
ru_dev_model_setu4993_LEALLA-large_clusterings_5_cluster-means_cosine_non-greedy,0.9,0.14,0.154,0.147,0.147,0.143,147.525
ru_dev_model_setu4993_LEALLA-large_clusterings_5_cluster-means_cosine_non-greedy,1.0,0.14,0.154,0.147,0.147,0.143,146.829
ru_dev_model_setu4993_LEALLA-large_clusterings_5_cluster-means_no-pooling,0.0,0.119,0.371,0.245,0.18,0.138,147.007
ru_dev_model_setu4993_LEALLA-large_clusterings_5_cluster-means_no-pooling,0.1,0.119,0.392,0.2555,0.183,0.138,146.658
ru_dev_model_setu4993_LEALLA-large_clusterings_5_cluster-means_no-pooling,0.2,0.119,0.375,0.247,0.181,0.138,148.136
ru_dev_model_setu4993_LEALLA-large_clusterings_5_cluster-means_no-pooling,0.3,0.119,0.398,0.2585,0.183,0.138,147.618
ru_dev_model_setu4993_LEALLA-large_clusterings_5_cluster-means_no-pooling,0.4,0.119,0.355,0.237,0.178,0.137,148.05
ru_dev_model_setu4993_LEALLA-large_clusterings_5_cluster-means_no-pooling,0.5,0.119,0.223,0.1709999999999999,0.155,0.131,147.036
ru_dev_model_setu4993_LEALLA-large_clusterings_5_cluster-means_no-pooling,0.6,0.119,0.17,0.1445,0.14,0.127,148.855
ru_dev_model_setu4993_LEALLA-large_clusterings_5_cluster-means_no-pooling,0.7,0.119,0.159,0.139,0.136,0.125,147.03
ru_dev_model_setu4993_LEALLA-large_clusterings_5_cluster-means_no-pooling,0.8,0.119,0.154,0.1365,0.134,0.125,147.977
ru_dev_model_setu4993_LEALLA-large_clusterings_5_cluster-means_no-pooling,0.9,0.119,0.154,0.1365,0.134,0.125,148.144
ru_dev_model_setu4993_LEALLA-large_clusterings_5_cluster-means_no-pooling,1.0,0.119,0.154,0.1365,0.134,0.125,147.426
ru_dev_model_setu4993_LEALLA-large_clusterings_5_cluster-means_no-pooling_non-greedy,0.0,0.043,0.566,0.3045,0.08,0.053,146.644
ru_dev_model_setu4993_LEALLA-large_clusterings_5_cluster-means_no-pooling_non-greedy,0.1,0.057,0.546,0.3015,0.103,0.069,144.26
ru_dev_model_setu4993_LEALLA-large_clusterings_5_cluster-means_no-pooling_non-greedy,0.2,0.073,0.48,0.2764999999999999,0.127,0.088,148.376
ru_dev_model_setu4993_LEALLA-large_clusterings_5_cluster-means_no-pooling_non-greedy,0.3,0.115,0.433,0.274,0.182,0.135,146.656
ru_dev_model_setu4993_LEALLA-large_clusterings_5_cluster-means_no-pooling_non-greedy,0.4,0.12,0.358,0.239,0.18,0.138,148.082
ru_dev_model_setu4993_LEALLA-large_clusterings_5_cluster-means_no-pooling_non-greedy,0.5,0.119,0.22,0.1694999999999999,0.154,0.131,147.91
ru_dev_model_setu4993_LEALLA-large_clusterings_5_cluster-means_no-pooling_non-greedy,0.6,0.119,0.17,0.1445,0.14,0.127,147.811
ru_dev_model_setu4993_LEALLA-large_clusterings_5_cluster-means_no-pooling_non-greedy,0.7,0.119,0.159,0.139,0.136,0.125,147.857
ru_dev_model_setu4993_LEALLA-large_clusterings_5_cluster-means_no-pooling_non-greedy,0.8,0.119,0.154,0.1365,0.134,0.125,146.945
ru_dev_model_setu4993_LEALLA-large_clusterings_5_cluster-means_no-pooling_non-greedy,0.9,0.119,0.154,0.1365,0.134,0.125,147.225
ru_dev_model_setu4993_LEALLA-large_clusterings_5_cluster-means_no-pooling_non-greedy,1.0,0.119,0.154,0.1365,0.134,0.125,147.656
ru_dev_model_setu4993_LEALLA-large_clusterings_5_cluster-means_non-greedy,0.0,0.045,0.562,0.3035,0.083,0.055,147.773
ru_dev_model_setu4993_LEALLA-large_clusterings_5_cluster-means_non-greedy,0.1,0.052,0.543,0.2975,0.095,0.063,146.568
ru_dev_model_setu4993_LEALLA-large_clusterings_5_cluster-means_non-greedy,0.2,0.084,0.46,0.272,0.142,0.1,148.199
ru_dev_model_setu4993_LEALLA-large_clusterings_5_cluster-means_non-greedy,0.3,0.116,0.41,0.263,0.181,0.135,146.281
ru_dev_model_setu4993_LEALLA-large_clusterings_5_cluster-means_non-greedy,0.4,0.113,0.33,0.2215,0.168,0.13,147.937
ru_dev_model_setu4993_LEALLA-large_clusterings_5_cluster-means_non-greedy,0.5,0.115,0.207,0.161,0.148,0.126,146.378
ru_dev_model_setu4993_LEALLA-large_clusterings_5_cluster-means_non-greedy,0.6,0.115,0.164,0.1395,0.135,0.122,146.775
ru_dev_model_setu4993_LEALLA-large_clusterings_5_cluster-means_non-greedy,0.7,0.115,0.159,0.137,0.133,0.122,147.386
ru_dev_model_setu4993_LEALLA-large_clusterings_5_cluster-means_non-greedy,0.8,0.115,0.159,0.137,0.133,0.122,147.029
ru_dev_model_setu4993_LEALLA-large_clusterings_5_cluster-means_non-greedy,0.9,0.115,0.154,0.1345,0.132,0.121,147.339
ru_dev_model_setu4993_LEALLA-large_clusterings_5_cluster-means_non-greedy,1.0,0.115,0.154,0.1345,0.132,0.121,147.138
ru_dev_model_setu4993_LEALLA-large_clusterings_5_cosine,0.0,0.14,0.377,0.2585,0.204,0.16,146.478
ru_dev_model_setu4993_LEALLA-large_clusterings_5_cosine,0.1,0.14,0.357,0.2485,0.201,0.159,147.752
ru_dev_model_setu4993_LEALLA-large_clusterings_5_cosine,0.2,0.14,0.363,0.2515,0.202,0.16,147.578
ru_dev_model_setu4993_LEALLA-large_clusterings_5_cosine,0.3,0.14,0.257,0.1985,0.181,0.154,146.825
ru_dev_model_setu4993_LEALLA-large_clusterings_5_cosine,0.4,0.14,0.197,0.1685,0.164,0.149,147.815
ru_dev_model_setu4993_LEALLA-large_clusterings_5_cosine,0.5,0.14,0.165,0.1525,0.151,0.144,147.382
ru_dev_model_setu4993_LEALLA-large_clusterings_5_cosine,0.6,0.14,0.154,0.147,0.147,0.143,146.819
ru_dev_model_setu4993_LEALLA-large_clusterings_5_cosine,0.7,0.14,0.154,0.147,0.147,0.143,148.168
ru_dev_model_setu4993_LEALLA-large_clusterings_5_cosine,0.8,0.14,0.154,0.147,0.147,0.143,147.39
ru_dev_model_setu4993_LEALLA-large_clusterings_5_cosine,0.9,0.14,0.154,0.147,0.147,0.143,144.43
ru_dev_model_setu4993_LEALLA-large_clusterings_5_cosine,1.0,0.14,0.154,0.147,0.147,0.143,145.555
ru_dev_model_setu4993_LEALLA-large_clusterings_5_cosine_no-pooling,0.0,0.13,0.357,0.2435,0.191,0.149,146.885
ru_dev_model_setu4993_LEALLA-large_clusterings_5_cosine_no-pooling,0.1,0.13,0.366,0.248,0.192,0.149,147.18
ru_dev_model_setu4993_LEALLA-large_clusterings_5_cosine_no-pooling,0.2,0.13,0.334,0.232,0.187,0.148,148.663
ru_dev_model_setu4993_LEALLA-large_clusterings_5_cosine_no-pooling,0.3,0.13,0.288,0.209,0.179,0.146,147.578
ru_dev_model_setu4993_LEALLA-large_clusterings_5_cosine_no-pooling,0.4,0.13,0.223,0.1765,0.164,0.142,146.95
ru_dev_model_setu4993_LEALLA-large_clusterings_5_cosine_no-pooling,0.5,0.13,0.157,0.1435,0.142,0.135,147.603
ru_dev_model_setu4993_LEALLA-large_clusterings_5_cosine_no-pooling,0.6,0.13,0.155,0.1425,0.141,0.134,146.753
ru_dev_model_setu4993_LEALLA-large_clusterings_5_cosine_no-pooling,0.7,0.13,0.154,0.142,0.141,0.134,147.366
ru_dev_model_setu4993_LEALLA-large_clusterings_5_cosine_no-pooling,0.8,0.13,0.154,0.142,0.141,0.134,147.09
ru_dev_model_setu4993_LEALLA-large_clusterings_5_cosine_no-pooling,0.9,0.13,0.154,0.142,0.141,0.134,147.738
ru_dev_model_setu4993_LEALLA-large_clusterings_5_cosine_no-pooling,1.0,0.13,0.154,0.142,0.141,0.134,147.135
ru_dev_model_setu4993_LEALLA-large_clusterings_5_cosine_no-pooling_non-greedy,0.0,0.14,0.154,0.147,0.147,0.143,31.426
ru_dev_model_setu4993_LEALLA-large_clusterings_5_cosine_no-pooling_non-greedy,0.1,0.14,0.154,0.147,0.147,0.143,30.718
ru_dev_model_setu4993_LEALLA-large_clusterings_5_cosine_no-pooling_non-greedy,0.2,0.14,0.154,0.147,0.147,0.143,31.642
ru_dev_model_setu4993_LEALLA-large_clusterings_5_cosine_no-pooling_non-greedy,0.3,0.14,0.154,0.147,0.147,0.143,30.671
ru_dev_model_setu4993_LEALLA-large_clusterings_5_cosine_no-pooling_non-greedy,0.4,0.14,0.154,0.147,0.147,0.143,30.922
ru_dev_model_setu4993_LEALLA-large_clusterings_5_cosine_no-pooling_non-greedy,0.5,0.14,0.154,0.147,0.147,0.143,30.665
ru_dev_model_setu4993_LEALLA-large_clusterings_5_cosine_no-pooling_non-greedy,0.6,0.14,0.154,0.147,0.147,0.143,31.346
ru_dev_model_setu4993_LEALLA-large_clusterings_5_cosine_no-pooling_non-greedy,0.7,0.14,0.154,0.147,0.147,0.143,30.655
ru_dev_model_setu4993_LEALLA-large_clusterings_5_cosine_no-pooling_non-greedy,0.8,0.14,0.154,0.147,0.147,0.143,31.281
ru_dev_model_setu4993_LEALLA-large_clusterings_5_cosine_no-pooling_non-greedy,0.9,0.097,0.166,0.1315,0.122,0.106,31.037
ru_dev_model_setu4993_LEALLA-large_clusterings_5_cosine_no-pooling_non-greedy,1.0,0.097,0.166,0.1315,0.122,0.106,31.207
ru_dev_model_setu4993_LEALLA-large_clusterings_5_cosine_non-greedy,0.0,0.068,0.575,0.3215,0.122,0.083,148.061
ru_dev_model_setu4993_LEALLA-large_clusterings_5_cosine_non-greedy,0.1,0.093,0.525,0.309,0.158,0.111,147.262
ru_dev_model_setu4993_LEALLA-large_clusterings_5_cosine_non-greedy,0.2,0.108,0.395,0.2515,0.17,0.126,147.923
ru_dev_model_setu4993_LEALLA-large_clusterings_5_cosine_non-greedy,0.3,0.141,0.26,0.2005,0.183,0.155,147.462
ru_dev_model_setu4993_LEALLA-large_clusterings_5_cosine_non-greedy,0.4,0.142,0.202,0.172,0.167,0.151,146.913
ru_dev_model_setu4993_LEALLA-large_clusterings_5_cosine_non-greedy,0.5,0.14,0.165,0.1525,0.151,0.144,147.686
ru_dev_model_setu4993_LEALLA-large_clusterings_5_cosine_non-greedy,0.6,0.14,0.154,0.147,0.147,0.143,148.091
ru_dev_model_setu4993_LEALLA-large_clusterings_5_cosine_non-greedy,0.7,0.14,0.154,0.147,0.147,0.143,147.106
ru_dev_model_setu4993_LEALLA-large_clusterings_5_cosine_non-greedy,0.8,0.14,0.154,0.147,0.147,0.143,146.832
ru_dev_model_setu4993_LEALLA-large_clusterings_5_cosine_non-greedy,0.9,0.14,0.154,0.147,0.147,0.143,147.757
ru_dev_model_setu4993_LEALLA-large_clusterings_5_cosine_non-greedy,1.0,0.14,0.154,0.147,0.147,0.143,147.913
ru_dev_model_setu4993_LEALLA-large_clusterings_5_no-pooling,0.0,0.119,0.361,0.24,0.179,0.137,147.67
ru_dev_model_setu4993_LEALLA-large_clusterings_5_no-pooling,0.1,0.119,0.377,0.248,0.181,0.138,147.981
ru_dev_model_setu4993_LEALLA-large_clusterings_5_no-pooling,0.2,0.119,0.327,0.223,0.174,0.136,148.894
ru_dev_model_setu4993_LEALLA-large_clusterings_5_no-pooling,0.3,0.119,0.282,0.2004999999999999,0.167,0.135,147.352
ru_dev_model_setu4993_LEALLA-large_clusterings_5_no-pooling,0.4,0.119,0.204,0.1614999999999999,0.15,0.13,145.965
ru_dev_model_setu4993_LEALLA-large_clusterings_5_no-pooling,0.5,0.119,0.16,0.1395,0.136,0.125,145.179
ru_dev_model_setu4993_LEALLA-large_clusterings_5_no-pooling,0.6,0.119,0.154,0.1365,0.134,0.125,147.4
ru_dev_model_setu4993_LEALLA-large_clusterings_5_no-pooling,0.7,0.119,0.154,0.1365,0.134,0.125,148.354
ru_dev_model_setu4993_LEALLA-large_clusterings_5_no-pooling,0.8,0.119,0.154,0.1365,0.134,0.125,148.481
ru_dev_model_setu4993_LEALLA-large_clusterings_5_no-pooling,0.9,0.119,0.154,0.1365,0.134,0.125,149.079
ru_dev_model_setu4993_LEALLA-large_clusterings_5_no-pooling,1.0,0.119,0.154,0.1365,0.134,0.125,147.765
ru_dev_model_setu4993_LEALLA-large_clusterings_5_no-pooling_non-greedy,0.0,0.044,0.562,0.303,0.082,0.054,148.826
ru_dev_model_setu4993_LEALLA-large_clusterings_5_no-pooling_non-greedy,0.1,0.058,0.522,0.29,0.104,0.071,148.48
ru_dev_model_setu4993_LEALLA-large_clusterings_5_no-pooling_non-greedy,0.2,0.086,0.396,0.241,0.141,0.102,148.849
ru_dev_model_setu4993_LEALLA-large_clusterings_5_no-pooling_non-greedy,0.3,0.123,0.274,0.1985,0.17,0.138,148.328
ru_dev_model_setu4993_LEALLA-large_clusterings_5_no-pooling_non-greedy,0.4,0.119,0.2,0.1595,0.149,0.129,147.969
ru_dev_model_setu4993_LEALLA-large_clusterings_5_no-pooling_non-greedy,0.5,0.119,0.162,0.1405,0.137,0.126,147.624
ru_dev_model_setu4993_LEALLA-large_clusterings_5_no-pooling_non-greedy,0.6,0.119,0.154,0.1365,0.134,0.125,147.602
ru_dev_model_setu4993_LEALLA-large_clusterings_5_no-pooling_non-greedy,0.7,0.119,0.154,0.1365,0.134,0.125,147.859
ru_dev_model_setu4993_LEALLA-large_clusterings_5_no-pooling_non-greedy,0.8,0.119,0.154,0.1365,0.134,0.125,148.167
ru_dev_model_setu4993_LEALLA-large_clusterings_5_no-pooling_non-greedy,0.9,0.119,0.154,0.1365,0.134,0.125,148.396
ru_dev_model_setu4993_LEALLA-large_clusterings_5_no-pooling_non-greedy,1.0,0.119,0.154,0.1365,0.134,0.125,148.693
ru_dev_model_setu4993_LEALLA-large_clusterings_5_non-greedy,0.0,0.055,0.576,0.3155,0.1,0.067,148.219
ru_dev_model_setu4993_LEALLA-large_clusterings_5_non-greedy,0.1,0.066,0.523,0.2945,0.117,0.08,146.547
ru_dev_model_setu4993_LEALLA-large_clusterings_5_non-greedy,0.2,0.081,0.393,0.237,0.134,0.096,148.318
ru_dev_model_setu4993_LEALLA-large_clusterings_5_non-greedy,0.3,0.116,0.271,0.1935,0.162,0.131,146.84
ru_dev_model_setu4993_LEALLA-large_clusterings_5_non-greedy,0.4,0.115,0.191,0.153,0.144,0.125,147.322
ru_dev_model_setu4993_LEALLA-large_clusterings_5_non-greedy,0.5,0.115,0.162,0.1385,0.135,0.122,147.939
ru_dev_model_setu4993_LEALLA-large_clusterings_5_non-greedy,0.6,0.115,0.154,0.1345,0.132,0.121,147.57
ru_dev_model_setu4993_LEALLA-large_clusterings_5_non-greedy,0.7,0.115,0.154,0.1345,0.132,0.121,146.916
ru_dev_model_setu4993_LEALLA-large_clusterings_5_non-greedy,0.8,0.115,0.154,0.1345,0.132,0.121,148.066
ru_dev_model_setu4993_LEALLA-large_clusterings_5_non-greedy,0.9,0.115,0.154,0.1345,0.132,0.121,147.745
ru_dev_model_setu4993_LEALLA-large_clusterings_5_non-greedy,1.0,0.115,0.154,0.1345,0.132,0.121,147.444
ru_dev_model_siberian-lang-lab_evenki-russian-parallel-corpora_clusterings_5_cluster-means_cosine,0.1,0.176,0.421,0.2985,0.248,0.199,79.187
ru_dev_model_siberian-lang-lab_evenki-russian-parallel-corpora_clusterings_5_cluster-means_cosine,0.2,0.176,0.426,0.301,0.249,0.199,76.142
ru_dev_model_siberian-lang-lab_evenki-russian-parallel-corpora_clusterings_5_cluster-means_cosine,0.3,0.176,0.462,0.319,0.255,0.201,75.487
ru_dev_model_siberian-lang-lab_evenki-russian-parallel-corpora_clusterings_5_cluster-means_cosine,0.4,0.176,0.43,0.303,0.25,0.2,75.666
ru_dev_model_siberian-lang-lab_evenki-russian-parallel-corpora_clusterings_5_cluster-means_cosine,0.5,0.176,0.312,0.244,0.225,0.193,75.68
ru_dev_model_siberian-lang-lab_evenki-russian-parallel-corpora_clusterings_5_cluster-means_cosine_ensemble-models_sentence-transformers_LaBSE,0.1,0.177,0.414,0.2955,0.248,0.2,152.522
ru_dev_model_siberian-lang-lab_evenki-russian-parallel-corpora_clusterings_5_cluster-means_cosine_ensemble-models_sentence-transformers_LaBSE,0.2,0.177,0.419,0.298,0.249,0.2,149.411
ru_dev_model_siberian-lang-lab_evenki-russian-parallel-corpora_clusterings_5_cluster-means_cosine_ensemble-models_sentence-transformers_LaBSE,0.3,0.177,0.462,0.3195,0.256,0.202,150.683
ru_dev_model_siberian-lang-lab_evenki-russian-parallel-corpora_clusterings_5_cluster-means_cosine_ensemble-models_sentence-transformers_LaBSE,0.4,0.177,0.422,0.2995,0.249,0.2,154.805
ru_dev_model_siberian-lang-lab_evenki-russian-parallel-corpora_clusterings_5_cluster-means_cosine_ensemble-models_sentence-transformers_LaBSE,0.5,0.177,0.297,0.237,0.222,0.193,151.659
ru_dev_model_siberian-lang-lab_evenki-russian-parallel-corpora_clusterings_5_cluster-means_cosine_non-greedy_ensemble-models_sentence-transformers_LaBSE_st_0.3,0.1,0.055,0.655,0.35500000000000004,0.101,0.067,159.464
ru_dev_model_siberian-lang-lab_evenki-russian-parallel-corpora_clusterings_5_cluster-means_cosine_non-greedy_ensemble-models_sentence-transformers_LaBSE_st_0.3,0.2,0.047,0.652,0.34950000000000003,0.088,0.058,150.072
ru_dev_model_siberian-lang-lab_evenki-russian-parallel-corpora_clusterings_5_cluster-means_cosine_non-greedy_ensemble-models_sentence-transformers_LaBSE_st_0.3,0.3,0.094,0.602,0.348,0.163,0.113,150.36
ru_dev_model_siberian-lang-lab_evenki-russian-parallel-corpora_clusterings_5_cluster-means_cosine_non-greedy_ensemble-models_sentence-transformers_LaBSE_st_0.3,0.4,0.137,0.482,0.3095,0.213,0.16,147.704
ru_dev_model_siberian-lang-lab_evenki-russian-parallel-corpora_clusterings_5_cluster-means_cosine_non-greedy_ensemble-models_sentence-transformers_LaBSE_st_0.3,0.5,0.173,0.315,0.244,0.223,0.19,148.975
ru_dev_model_siberian-lang-lab_evenki-russian-parallel-corpora_clusterings_5_cluster-means_non-greedy_ensemble-models_sentence-transformers_LaBSE_st_0.3,0.1,0.048,0.648,0.348,0.089,0.059,144.911
ru_dev_model_siberian-lang-lab_evenki-russian-parallel-corpora_clusterings_5_cluster-means_non-greedy_ensemble-models_sentence-transformers_LaBSE_st_0.3,0.2,0.047,0.647,0.347,0.088,0.058,239.72
ru_dev_model_siberian-lang-lab_evenki-russian-parallel-corpora_clusterings_5_cluster-means_non-greedy_ensemble-models_sentence-transformers_LaBSE_st_0.3,0.3,0.088,0.599,0.3434999999999999,0.153,0.106,147.945
ru_dev_model_siberian-lang-lab_evenki-russian-parallel-corpora_clusterings_5_cluster-means_non-greedy_ensemble-models_sentence-transformers_LaBSE_st_0.3,0.4,0.124,0.501,0.3125,0.199,0.146,151.275
ru_dev_model_siberian-lang-lab_evenki-russian-parallel-corpora_clusterings_5_cluster-means_non-greedy_ensemble-models_sentence-transformers_LaBSE_st_0.3,0.5,0.132,0.288,0.21,0.181,0.148,159.846
